,precision,recall,f1-score,support
0,0.0,0.0,0.0,9.0
1,0.35714285714285715,0.8333333333333334,0.5,6.0
accuracy,0.3333333333333333,0.3333333333333333,0.3333333333333333,0.3333333333333333
macro avg,0.17857142857142858,0.4166666666666667,0.25,15.0
weighted avg,0.14285714285714285,0.3333333333333333,0.2,15.0
